claim_id,class,outcome,trajectory,path_taken,sequence_accepted,decisive_opened,decisive_missed,arg_failures,steps_taken,steps_needed,step_efficiency,modes,tokens,cost_usd,latency_s
CLM-2024-10001,clean,PASS,FAIL,get_claim > search_policy > compute_payout,True,True,,compute_payout: limit 350000 is stated in no passage opened,3,3,1.0,M3_ungrounded_limit,6291,0.00142,8.12
CLM-2024-10002,notes-trigger-exclusion,PASS,PASS,get_claim > search_policy > compute_payout,True,True,,,3,2,1.5,,6167,0.00122,5.18
CLM-2024-10003,notes-trigger-exclusion,PASS,PASS,get_claim > search_policy > compute_payout,True,True,,,3,2,1.5,,5941,0.001193,6.62
CLM-2024-10004,notes-trigger-exclusion,FAIL,FAIL,get_claim > search_policy > compute_payout,True,False,HO-0820_05-24#03,compute_payout: limit 310000 is stated in no passage opened,3,3,1.0,M2_decisive_clause_missed; M3_ungrounded_limit,6024,0.001278,5.52
CLM-2024-10005,notes-trigger-exclusion,PASS,FAIL,get_claim > search_policy > compute_payout,True,False,HO-0820_05-24#03,compute_payout: limit 295000 is stated in no passage opened,3,3,1.0,M2_decisive_clause_missed; M3_ungrounded_limit,5970,0.001336,4.26
CLM-2024-10006,notes-trigger-exclusion,PASS,FAIL,get_claim > search_policy > compute_payout,True,True,,compute_payout: limit 240000 is stated in no passage opened,3,2,1.5,M3_ungrounded_limit,6354,0.001522,6.92
CLM-2024-10007,clean,PASS,PASS,get_claim > search_policy,True,True,,,2,2,1.0,,3970,0.000905,4.78
CLM-2024-10008,missing-notes,PASS,FAIL,get_claim,False,False,HO-0304_03-24#05,,1,2,0.5,M1_exclusions_never_opened,2067,0.000447,1.47
CLM-2024-10009,notes-trigger-exclusion,PASS,PASS,get_claim > search_policy > compute_payout,True,True,,,3,3,1.0,,5836,0.001322,4.72
CLM-2024-10010,missing-notes,FAIL,FAIL,get_claim > search_policy > compute_payout,True,True,,compute_payout: limit 310000 is stated in no passage opened,3,2,1.5,M3_ungrounded_limit,6712,0.001705,6.09
